{
  "last": "Default",
  "backgroundType": "DEFAULT",
  "commonDirType": "DEFAULT",
  "commonpath": "",
  "hasProxy": false,
  "hasProxyAuth": false,
  "proxyType": "HTTP",
  "proxyPort": 0,
  "width": 834.0,
  "height": 514.0,
  "theme": "#f9a825",
  "localization": "def",
  "downloadType": "mcbbs",
  "configurations": {
    "Default": {
      "global": {
        "usesGlobal": true,
        "javaArgs": "",
        "minecraftArgs": "",
        "maxMemory": 4096,
        "permSize": "",
        "width": 854,
        "height": 480,
        "javaDir": "",
        "precalledCommand": "",
        "serverIp": "",
        "java": "",
        "wrapper": "",
        "fullscreen": false,
        "noJVMArgs": false,
        "notCheckGame": false,
        "notCheckJVM": false,
        "showLogs": false,
        "gameDir": "",
        "launcherVisibility": 1,
        "gameDirType": 0,
        "defaultJavaPath": ""
      },
      "gameDir": ".minecraft",
      "useRelativePath": true
    },
    "Home": {
      "global": {
        "usesGlobal": false,
        "javaArgs": "",
        "minecraftArgs": "",
        "maxMemory": 4096,
        "permSize": "",
        "width": 854,
        "height": 480,
        "javaDir": "",
        "precalledCommand": "",
        "serverIp": "",
        "java": "",
        "wrapper": "",
        "fullscreen": false,
        "noJVMArgs": false,
        "notCheckGame": false,
        "notCheckJVM": false,
        "showLogs": false,
        "gameDir": "",
        "launcherVisibility": 1,
        "gameDirType": 0,
        "defaultJavaPath": ""
      },
      "gameDir": "",
      "useRelativePath": false,
      "selectedMinecraftVersion": ""
    }
  },
  "accounts": [],
  "fontFamily": "Consolas",
  "fontSize": 12.0,
  "logLines": 100,
  "authlibInjectorServers": [
    {
      "url": "https://mcskin.littleservice.cn/api/yggdrasil/",
      "metadataResponse": "{\"meta\":{\"serverName\":\"LittleSkin\",\"implementationName\":\"Yggdrasil API for Blessing Skin\",\"implementationVersion\":\"4.10.2\",\"links\":{\"homepage\":\"https:\\/\\/mcskin.littleservice.cn\",\"register\":\"https:\\/\\/mcskin.littleservice.cn\\/auth\\/register\"}},\"skinDomains\":[\"skin.prinzeugen.net\",\"mcskin.littleservice.cn\"],\"signaturePublickey\":\"-----BEGIN PUBLIC KEY-----\\nMIICIjANBgkqhkiG9w0BAQEFAAOCAg8AMIICCgKCAgEArGcNOOFIqLJSqoE3u0hj\\ntOEnOcET3wj9Drss1BE6sBqgPo0bMulOULhqjkc\\/uH\\/wyosYnzw3xaazJt87jTHh\\nJ8BPMxCeQMoyEdRoS3Jnj1G0Kezj4A2b61PJJM1DpvDAcqQBYsrSdpBJ+52MjoGS\\nvJoeQO5XUlJVQm21\\/HmJnqsPhzcA6HgY71RHYE5xnhpWJiPxLKUPtmt6CNYUQQoS\\no2v36XWgMmLBZhAbNOPxYX+1ioxKamjhLO29UhwtgY9U6PWEO7\\/SBfXzyRPTzhPV\\n2nHq7KJqd8IIrltslv6i\\/4FEM81ivS\\/mm+PN3hYlIYK6z6Ymii1nrQAplsJ67OGq\\nYHtWKOvpfTzOollugsRihkAG4OB6hM0Pr45jjC3TIc7eO7kOgIcGUGUQGuuugDEz\\nJ1N9FFWnN\\/H6P9ukFeg5SmGC5+wmUPZZCtNBLr8o8sI5H7QhK7NgwCaGFoYuiAGL\\ngz3k\\/3YwJ40BbwQayQ2gIqenz+XOFIAlajv+\\/nyfcDvZH9vGNKP9lVcHXUT5YRnS\\nZSHo5lwvVrYUrqEAbh\\/zDz8QMEyiujWvUkPhZs9fh6fimUGxtm8mFIPCtPJVXjeY\\nwD3Lvt3aIB1JHdUTJR3eEc4eIaTKMwMPyJRzVn5zKsitaZz3nn\\/cOA\\/wZC9oqyEU\\nmc9h6ZMRTRUEE4TtaJyg9lMCAwEAAQ\u003d\u003d\\n-----END PUBLIC KEY-----\\n\"}",
      "metadataTimestamp": 1597734937298
    }
  ],
  "updateChannel": "DEVELOPMENT",
  "_version": 0,
  "uiVersion": 0,
  "preferredLoginType": "authlibInjector"
}